round,global_weighted_loss
1,1297.7147353936953
2,1155.9081128628425
3,1106.4527489858935
4,1083.8914594686933
5,1073.7276098486807
